"College Code","College Desc","Division Code","Division Desc","Dept1 Short Desc","Dept2 Code","Dept2 Short Desc","Dept1 Code","Prog Code","Prog Short Title","Prog Long Title","ATAS Req’d Ind","Prog Mode Code","Prog Mode Desc","Campus Code","Campus Desc","Length","Degree Code","Degree Long Desc","Joint Honours Ind","Alt Qual Ind","Subject1 Code","Subject1 Desc","Subject2 Code","Subject2 Desc","Subject3 Code","Subject3 Desc","Delivering Institution 1 Code","Delivering Institution 1 Desc","Delivering Institution 2 Code","Delivering Institution 2 Desc","Delivering Institution 3 Code","Delivering Institution 3 Desc","UOM Code","UOM Desc","Major Dept Code","Major Dept Short Desc","Reg Body Code","Reg Body Desc"
